mu,lambda
49999999.99999999,0.13
50069432.26597056,0.12997422786926677
50138960.94873228,0.12994846232416724
50208586.182173885,0.12992270336192274
50278308.10037002,0.12989695097975618
50348126.837581694,0.12987120517489215
50418042.52825583,0.12984546594455693
50488055.307026565,0.12981973328597834
50558165.30871485,0.12979400719638584
50628372.66832882,0.12976828767301057
50698677.5210641,0.12974257471308528
50769080.00230407,0.1297168683138443
50839580.24762009,0.12969116847252368
50910178.39277196,0.12966547518636098
50980874.573707476,0.12963978845259558
51051668.92656375,0.12961410826846836
51122561.58766676,0.12958843463122185
51193552.69353178,0.1295627675381002
51264642.38086369,0.12953710698634918
51335830.786557175,0.12951145297321628
51407118.047697015,0.12948580549595057
51478504.301558375,0.12946016455180268
51549989.68560721,0.12943453013802492
51621574.33749983,0.12940890225187135
51693258.39508424,0.1293832808905975
51765041.996399686,0.12935766605146062
51836925.279677115,0.12933205773171957
51908908.38333941,0.1293064559286348
51980991.446001686,0.12928086063946842
52053174.60647153,0.12925527186148422
52125458.00374931,0.12922968959194756
52197841.77702857,0.1292041138281254
52270326.06569561,0.1291785445672865
52342911.00933084,0.1291529818067011
52415596.74770831,0.1291274255436411
52488383.42079616,0.12910187577538
52561271.16875692,0.129076332499193
52634260.13194772,0.12905079571235695
52707350.45092063,0.12902526541215023
52780542.266423054,0.12899974159585287
52853835.719397314,0.12897422426074667
52927230.95098199,0.12894871340411493
53000728.102511466,0.1289232090232426
53074327.31551641,0.1288977111154163
53148028.731724,0.12887221967792423
53221832.49305825,0.12884673470805627
53295738.741640225,0.1288212562031039
53369747.61978837,0.12879578416036022
53443859.27001894,0.12877031857711996
53518073.83504553,0.12874485945067962
53592391.45778047,0.12871940677833715
53666812.28133438,0.1286939605573922
53741336.44901658,0.1286685207851461
53815964.10433541,0.1286430874589017
53890695.390998505,0.1286176605759636
53965530.45291303,0.12859224013363793
54040469.43418602,0.12856682612923254
54115512.479124784,0.12854141856005677
54190659.73223646,0.12851601742342184
54265911.33822944,0.1284906227166404
54341267.44201286,0.12846523443702682
54416728.18869709,0.128439852581897
54492293.723594,0.1284144771485686
54567964.19221725,0.1283891081343608
54643739.74028258,0.12836374553659452
54719620.51370824,0.12833838935259215
54795606.65861457,0.128313039579678
54871698.321325354,0.1282876962151777
54947895.64836741,0.12826235925641868
55024198.78647102,0.12823702870072998
55100607.88257021,0.12821170454544223
55177123.08380306,0.12818638678788774
55253744.53751196,0.1281610754254004
55330472.39124392,0.1281357704553158
55407306.79275104,0.12811047187497102
55484247.88998997,0.12808517968170502
55561295.831123464,0.1280598938728582
55638450.76451977,0.12803461444577263
55715712.83875322,0.12800934139779205
55793082.20260442,0.12798407472626175
55870559.0050606,0.12795881442852872
55948143.39531586,0.12793356050194157
56025835.52277172,0.12790831294385052
56103635.53703652,0.1278830717516075
56181543.58792699,0.127857836922566
56259559.82546767,0.12783260845408112
56337684.39989144,0.12780738634350966
56415917.46163982,0.12778217058821
56494259.161363214,0.12775696118554217
56572709.64992125,0.12773175813286783
56651269.07838303,0.1277065614275503
56729937.59802763,0.1276813710669544
56808715.36034363,0.12765618704844683
56887602.51703054,0.12763100936939573
56966599.219998345,0.12760583802717093
57045705.621367976,0.12758067301914386
57124921.8734716,0.1275555143426876
57204248.12885293,0.1275303619951769
57283684.540267505,0.1275052159739881
57363231.26068298,0.12748007627649915
57442888.44327964,0.12745494290008963
57522656.24144986,0.1274298158421409
57602534.80879966,0.12740469510003577
57682524.29914813,0.12737958067115876
57762624.86652797,0.12735447255289603
57842836.66518578,0.12732937074263528
57923159.84958236,0.127304275237766
58003594.574393,0.12727918603567917
58084140.99450796,0.12725410313376745
58164799.26503201,0.1272290265294252
58245569.541285895,0.1272039562200483
58326451.97880584,0.12717889220303435
58407446.73334408,0.12715383447578255
58488553.9608691,0.12712878303569367
58569773.817566,0.1271037378801702
58651106.45983674,0.12707869900661625
58732552.04430049,0.12705366641243754
58814110.72779409,0.12702864009504133
58895782.66737158,0.12700362005183677
58977568.020305686,0.12697860628023439
59059466.94408735,0.12695359877764645
59141479.59642618,0.12692859754148683
59223606.135250814,0.12690360256889985
59305846.718709186,0.12687861385315902
59388201.50516885,0.12685363139033576
59470670.653217465,0.12682865517792388
59553254.32166231,0.12680368521341856
59635952.66953179,0.1267787214943158
59718765.856074974,0.12675376401811286
59801694.04076203,0.1267288127823081
59884737.3832846,0.12670386778440096
59967896.04355607,0.12667892902189207
60051170.1817119,0.1266539964922831
60134559.9581099,0.12662907019307684
60218065.533330806,0.1266041501217772
60301687.06817766,0.12657923627588932
60385424.72367749,0.12655432865291932
60469278.66108069,0.1265294272503745
60553249.04186158,0.12650453206576318
60637336.02771871,0.12647964309659493
60721539.78057516,0.12645476034038033
60805860.46257891,0.12642988379463116
60890298.23610304,0.12640501345686025
60974853.26374638,0.1263801493245815
61059525.708332874,0.12635529139531015
61144315.732913226,0.1263304396665623
61229223.50076434,0.1263055941358553
61314249.17538986,0.12628075480070755
61399392.920520484,0.12625592165863864
61484654.90011426,0.12623109470716917
61570035.278356925,0.12620627394382097
61655534.21966242,0.12618145936611688
61741151.88867235,0.126156650971581
61826888.45025762,0.1261318487577384
61912744.069517836,0.12610705272211528
61998718.91178188,0.1260822628622391
62084813.14260822,0.12605747917563823
62171026.927785225,0.12603270165984232
62257360.43333149,0.12600793031238205
62343813.82549614,0.12598316513078922
62430387.27075938,0.12595840611259673
62517080.93583196,0.12593365325533876
62603894.98765676,0.12590890655655038
62690829.59340829,0.12588416601376787
62777884.92049318,0.12585943162452864
62865061.13655056,0.12583470338637123
62952358.40945234,0.1258099812968352
63039776.90730353,0.12578526535346138
63127316.79844281,0.12576055555379148
63214978.25144196,0.12573585189536865
63302761.435107514,0.1257111543757369
63390666.51848018,0.12568646299244143
63478693.67083543,0.12566177774302856
63566843.06168378,0.12563709862504574
63655114.86077114,0.12561242563604152
63743509.23807914,0.12558775877356554
63832026.36382545,0.1255630980351686
63920666.408464335,0.12553844341840253
64009429.542686105,0.1255137949208205
64098315.937418744,0.12548915253997653
64187325.76382738,0.1254645162734259
64276459.19331485,0.12543988611872492
64365716.39752198,0.12541526207343112
64455097.54832795,0.12539064413510306
64544602.817850634,0.12536603230130045
64634232.37844691,0.1253414265695841
64723986.4027132,0.12531682693751595
64813865.063484974,0.1252922334026591
64903868.53383834,0.12526764596257767
64993996.98708954,0.12524306461483697
65084250.59679549,0.12521848935700342
65174629.536754124,0.12519392018664446
65265133.9810047,0.1251693571013288
65355764.10382817,0.1251448000986261
65446520.07974774,0.12512024917610723
65537402.083528236,0.1250957043313443
65628410.2901779,0.12507116556191025
65719544.87494776,0.1250466328653794
65810806.013332196,0.125022106239327
65902193.881069295,0.12499758568132951
65993708.65414117,0.12497307118896449
66085350.50877434,0.1249485627598106
66177119.62144,0.12492406039144764
66269016.16885467,0.12489956408145644
66361040.32797954,0.12487507382741914
66453192.276022255,0.1248505896269188
66545472.19043629,0.12482611147753969
66637880.24892155,0.12480163937686717
66730416.62942471,0.1247771733224877
66823081.510139525,0.12475271331198888
66915875.06950722,0.12472825934295943
67008797.48621704,0.12470381141298911
67101848.939205654,0.12467936951966899
67195029.60765892,0.12465493366059105
67288339.6710113,0.12463050383334848
67381779.3089464,0.12460608003553555
67475348.70139737,0.12458166226474768
67569048.02854721,0.12455725051858137
67662877.47082913,0.12453284479463426
67756837.2089269,0.12450844509050513
67850927.42377543,0.12448405140379373
67945148.29656017,0.1244596637321012
68039500.0087189,0.12443528207302956
68133982.7419411,0.12441090642418204
68228596.67816854,0.12438653678316294
68323341.99959567,0.12436217314757773
68418218.88866995,0.12433781551503295
68513227.52809216,0.12431346388313629
68608368.1008168,0.12428911824949651
68703640.7900527,0.12426477861172348
68799045.77926232,0.12424044496742835
68894583.25216365,0.12421611731422318
68990253.39272955,0.1241917956497212
69086056.38518837,0.12416747997153682
69181992.41402425,0.1241431702772855
69278061.66397753,0.12411886656458382
69374264.3200451,0.12409456883104954
69470600.56748098,0.12407027707430138
69567070.5917957,0.12404599129195944
69663674.57875815,0.1240217114816447
69760412.71439494,0.12399743764097935
69857285.18499099,0.12397316976758668
69954292.1770899,0.12394890785909109
70051433.87749434,0.12392465191311809
70148710.47326636,0.12390040192729435
70246122.15172781,0.1238761578992476
70343669.10046084,0.12385191982660664
70441351.50730741,0.12382768770700159
70539169.56037104,0.1238034615380635
70637123.44801621,0.12377924131742457
70735213.35886897,0.12375502704271814
70833439.48181733,0.12373081871157865
70931802.00601156,0.12370661632164165
71030301.12086461,0.12368241987054385
71128937.01605247,0.12365822935592301
71227709.88151477,0.12363404477541799
71326619.90745412,0.12360986612666895
71425667.28433804,0.12358569340731695
71524852.20289826,0.12356152661500426
71624174.8541314,0.12353736574737424
71723635.42929928,0.12351321080207138
71823234.11992934,0.12348906177674127
71922971.11781496,0.12346491866903064
72022846.61501612,0.12344078147658727
72122860.80385874,0.12341665019706022
72223013.87693657,0.1233925248280995
72323306.02711056,0.12336840536735627
72423737.44750945,0.12334429181248284
72524308.33153021,0.12332018416113262
72625018.87283833,0.12329608241096013
72725869.26536825,0.12327198655962102
72826859.70332372,0.12324789660477205
72927990.38117842,0.12322381254407101
73029261.49367532,0.12319973437517703
73130673.23582858,0.12317566209575016
73232225.80292292,0.12315159570345159
73333919.39051421,0.12312753519594369
73435754.19442993,0.12310348057088988
73537730.41076946,0.12307943182595474
73639848.23590451,0.12305538895880394
73742107.86647946,0.1230313519671043
73844509.49941203,0.12300732084852366
73947053.33189261,0.12298329560073115
74049739.5613862,0.12295927622139688
74152568.38563174,0.12293526270819209
74255540.00264278,0.12291125505878918
74358654.6107078,0.12288725327086161
74461912.40839069,0.122863257342084
74565313.59453101,0.12283926727013207
74668858.36824475,0.1228152830526826
74772546.9289236,0.12279130468741366
74876379.47623691,0.12276733217200425
74980356.21013105,0.12274336550413456
75084477.33083004,0.1227194046814859
75188743.03883594,0.12269544970174065
75293153.53492925,0.12267150056258239
75397709.02016923,0.12264755726169571
75502409.69589442,0.1226236197967664
75607255.76372316,0.1225996881654813
75712247.425553,0.12257576236552847
75817384.8835626,0.122551842394597
75922668.34021117,0.12252792825037709
76028097.99823901,0.12250401993056009
76133674.060668,0.12248011743283845
76239396.73080194,0.12245622075490573
76345266.21222691,0.12243232989445663
76451282.70881198,0.12240844484918688
76557446.42470858,0.12238456561679352
76663757.56435232,0.12236069219497453
76770216.33246255,0.12233682458142904
76876822.93404281,0.12231296277385732
76983577.57438138,0.12228910676996076
77090480.45905158,0.12226525656744183
77197531.7939122,0.12224141216400417
77304731.78510793,0.12221757355735248
77412080.63906993,0.12219374074519256
77519578.56251527,0.12216991372523145
77627225.76244885,0.1221460924951772
77735022.44616275,0.12212227705273898
77842968.82123695,0.1220984673956271
77951065.09553964,0.12207466352155297
78059311.47722769,0.12205086542822911
78167708.174747,0.1220270731133692
78276255.39683297,0.122003286574688
78384953.35251111,0.1219795058099013
78493802.25109634,0.12195573081672625
78602802.30219512,0.12193196159288087
78711953.71570468,0.12190819813608442
78821256.7018137,0.12188444044405722
78930711.47100279,0.12186068851452074
79040318.2340448,0.12183694234519754
79150077.2020053,0.12181320193381132
79259988.58624318,0.1217894672780868
79370052.59841006,0.12176573837575005
79480269.45045227,0.12174201522452804
79590639.35461019,0.12171829782214892
79701162.52341892,0.12169458616634193
79811839.1697087,0.1216708802548375
79922669.50660533,0.12164718008536708
80033653.74753053,0.12162348565566332
80144792.10620242,0.12159979696345993
80256084.79663618,0.1215761140064917
80367532.0331433,0.1215524367824947
80479134.03033376,0.12152876528920595
80590891.00311525,0.12150509952436364
80702803.16669391,0.12148143948570708
80814870.73657471,0.12145778517097669
80927093.92856188,0.121434136577914
81039472.95875934,0.12141049370426168
81152008.04357137,0.12138685654776343
81264699.39970191,0.12136322510616425
81377547.24415666,0.12133959937721008
81490551.79424244,0.12131597935864803
81603713.26756775,0.12129236504822634
81717031.88204335,0.12126875644369436
81830507.85588253,0.12124515354280253
81944141.40760164,0.12122155634330245
82057932.75602049,0.1211979648429468
82171882.120263,0.12117437903948934
82285989.71975651,0.12115079893068509
82400255.77423397,0.12112722451429006
82514680.50373316,0.12110365578806137
82629264.12859738,0.12108009274975733
82744006.86947596,0.12105653539713729
82858908.94732459,0.12103298372796177
82973970.58340582,0.12100943773999237
83089191.99928944,0.12098589743099185
83204573.41685322,0.12096236279872398
83320115.05828214,0.12093883384095384
83435817.14607063,0.12091531055544745
83551679.90302178,0.12089179293997201
83667703.55224806,0.12086828099229584
83783888.31717178,0.12084477471018834
83900234.4215255,0.12082127409142007
84016742.08935246,0.12079777913376269
84133411.54500732,0.1207742898349889
84250243.0131554,0.1207508061928727
84367236.71877488,0.12072732820518906
84484392.88715607,0.12070385586971406
84601711.74390213,0.12068038918422497
84719193.51492947,0.12065692814650013
84836838.42646828,0.12063347275431899
84954646.70506285,0.12061002300546216
85072618.57757208,0.1205865788977113
85190754.27117018,0.12056314042884919
85309054.01334596,0.12053970759665986
85427518.031905,0.1205162803989283
85546146.55496892,0.12049285883344067
85664939.81097616,0.12046944289798424
85783898.02868232,0.1204460325903474
85903021.4371607,0.12042262790831966
86022310.26580271,0.12039922884969165
86141764.74431856,0.12037583541225501
86261385.10273659,0.12035244759380274
86381171.57140544,0.12032906539212875
86501124.38099334,0.12030568880502811
86621243.76248881,0.12028231783029701
86741529.94720118,0.12025895246573279
86861983.16676094,0.12023559270913385
86982603.65312023,0.12021223855829977
87103391.63855335,0.12018889001103117
87224347.35565738,0.12016554706512979
87345471.03735152,0.12014220971839865
87466762.91687931,0.12011887796864167
87588223.2278079,0.12009555181366398
87709852.20402874,0.12007223125127184
87831650.07975812,0.12004891627927257
87953617.08953755,0.12002560689547466
88075753.46823423,0.1200023030976877
88198059.45104152,0.11997900488372236
88320535.27347967,0.11995571225139043
88443181.1713951,0.11993242519850494
88565997.3809626,0.11990914372287988
88688984.13868466,0.11988586782233042
88812141.6813922,0.11986259749467283
88935470.24624495,0.11983933273772451
89058970.07073204,0.11981607354930396
89182641.39267235,0.1197928199272308
89306484.45021534,0.11976957186932573
89430499.48184021,0.1197463293734107
89554686.72635828,0.11972309243730865
89679046.42291218,0.11969986105884364
89803578.81097662,0.11967663523584088
89928284.13035886,0.11965341496612669
90053162.62119918,0.1196302002475285
90178214.52397129,0.11960699107787487
90303440.07948287,0.11958378745499544
90428839.5288763,0.11956058937672095
90554413.11362787,0.11953739684088342
90680161.07555014,0.11951420984531577
90806083.65679117,0.11949102838785217
90932181.09983523,0.11946785246632781
91058453.64750338,0.11944468207857908
91184901.54295382,0.11942151722244346
91311525.02968241,0.1193983578957595
91438324.35152352,0.11937520409636689
91565299.75264907,0.11935205582210653
91692451.47757109,0.11932891307082033
91819779.77114075,0.1193057758403513
91947284.87854932,0.11928264412854364
92074967.0453285,0.11925951793324262
92202826.51735094,0.11923639725229464
92330863.54083075,0.1192132820835472
92459078.36232392,0.11919017242484893
92587471.22872919,0.11916706827404953
92716042.38728708,0.11914396962899997
92844792.08558252,0.11912087648755217
92973720.57154389,0.11909778884755919
93102828.09344381,0.11907470670687527
93232114.89989972,0.11905163006335572
93361581.23987429,0.11902855891485697
93491227.36267588,0.11900549325923658
93621053.51795907,0.11898243309435322
93751059.95572548,0.11895937841806661
93881246.92632283,0.11893632922823776
94011614.68044756,0.11891328552272863
94142163.46914387,0.11889024729940237
94272893.54380456,0.11886721455612319
94403805.15617152,0.11884418729075646
94534898.55833624,0.11882116550116868
94666174.00274031,0.11879814918522742
94797631.74217612,0.11877513834080133
94929272.02978617,0.11875213296576036
95061095.11906546,0.11872913305797538
95193101.26386066,0.11870613861531845
95325290.71837096,0.11868314963566273
95457663.73714855,0.11866016611688253
95590220.57509908,0.11863718805685322
95722961.48748218,0.11861421545345133
95855886.72991195,0.11859124830455449
95988996.5583578,0.11856828660804139
96122291.22914356,0.11854533036179202
96255770.99895,0.11852237956368727
96389436.12481402,0.11849943421160927
96523286.86412944,0.1184764943034412
96657323.4746475,0.1184535598370674
96791546.21447739,0.1184306308103733
96925955.3420867,0.11840770722124547
97060551.11630231,0.11838478906757152
97195333.79630944,0.11836187634724034
97330303.64165431,0.11833896905814179
97465460.91224317,0.11831606719816687
97600805.86834322,0.11829317076520773
97736338.77058306,0.11827027975715762
97872059.87995322,0.1182473941719109
98007969.45780666,0.11822451400736303
98144067.76585925,0.11820163926141064
98280355.06619065,0.11817876993195135
98416831.62124339,0.11815590601688414
98553497.69382553,0.11813304751410886
98690353.54710966,0.11811019442152658
98827399.4446339,0.11808734673703947
98964635.65030228,0.11806450445855084
99102062.42838532,0.11804166758396506
99239680.0435205,0.11801883611118767
99377488.7607128,0.1179960100381253
99515488.84533557,0.11797318936268567
99653680.56312957,0.11795037408277771
99792064.18020566,0.11792756419631138
99930639.9630439,0.11790475970119776
100069408.17849435,0.11788196059534908
100208369.09377767,0.11785916687667866
100347522.9764856,0.11783637854310094
100486870.09458141,0.1178135955925315
100626410.71640053,0.11779081802288699
100766145.11065137,0.11776804583208514
100906073.5464144,0.11774527901804499
101046196.2931448,0.1177225175786865
101186513.6206716,0.1176997615119308
101327025.7991985,0.11767701081570014
101467733.09930441,0.11765426548791791
101608635.79194403,0.11763152552650857
101749734.14844829,0.11760879092939774
101891028.44052523,0.11758606169451205
102032518.94025916,0.11756333781977947
102174205.9201133,0.11754061930312887
102316089.65292883,0.11751790614249033
102458170.41192584,0.11749519833579501
102600448.4707038,0.11747249588097522
102742924.10324214,0.11744979877596436
102885597.58390073,0.11742710701869694
103028469.18742046,0.11740442060710861
103171539.18892404,0.11738173953913607
103314807.8639152,0.1173590638127173
103458275.4882813,0.11733639342579123
103601942.33829246,0.11731372837629797
103745808.69060245,0.11729106866217873
103889874.82224919,0.11726841428137583
104034141.01065533,0.11724576523183272
104178607.53362875,0.11722312151149399
104323274.66936348,0.11720048311830523
104468142.69643874,0.11717785005021338
104613211.89382175,0.11715522230516626
104758482.54086669,0.11713259988111291
104903954.91731569,0.11710998277600347
105049629.30329935,0.11708737098778921
105195505.97933728,0.11706476451442248
105341585.22633858,0.11704216335385677
105487867.3256025,0.1170195675040467
105634352.55881925,0.11699697696294792
105781041.2080691,0.11697439172851737
105927933.55582514,0.11695181179871296
106075029.88495234,0.11692923717149374
106222330.47870849,0.1169066678448199
106369835.6207447,0.11688410381665273
106517545.595106,0.11686154508495467
106665460.68623182,0.1168389916476892
106813581.17895661,0.11681644350282099
106961907.3585107,0.11679390064831573
107110439.5105194,0.11677136308214042
107259177.92100577,0.11674883080226299
107408122.87638968,0.11672630380665253
107557274.66348873,0.11670378209327928
107706633.56951882,0.11668126566011457
107856199.88209468,0.11665875450513084
108005973.88923045,0.11663624862630168
108155955.87934056,0.11661374802160168
108306146.14123887,0.1165912526890068
108456544.96414137,0.11656876262649385
108607152.63766535,0.11654627783204088
108757969.45183022,0.11652379830362705
108908995.69705819,0.11650132403923259
109060231.66417469,0.1164788550368389
109211677.64440906,0.11645639129442846
109363333.92939502,0.11643393280998487
109515200.81117168,0.11641147958149281
109667278.5821825,0.11638903160693823
109819567.53527822,0.116366588884308
109972067.96371585,0.11634415141159021
110124780.16115965,0.11632171918677407
110277704.42168164,0.11629929220784983
110430841.03976223,0.11627687047280895
110584190.31029075,0.11625445397964393
110737752.52856642,0.11623204272634836
110891527.99029733,0.11620963671091714
111045516.99160342,0.11618723593134607
111199719.82901542,0.11616484038563216
111354136.79947583,0.1161424500717735
111508768.2003395,0.11612006498776932
111663614.32937422,0.11609768513161996
111818675.48476125,0.11607531050132687
111973951.96509594,0.11605294109489264
112129444.06938866,0.1160305769103209
112285152.0970638,0.11600821794561653
112441076.34796277,0.11598586419878541
112597217.12234294,0.1159635156678346
112753574.72087862,0.1159411723507722
112910149.44466165,0.1159188342456075
113066941.595202,0.11589650135035089
113223951.47442833,0.11587417366301385
113381179.38468854,0.11585185118160898
113538625.62875083,0.11582953390414998
113696290.50980258,0.11580722182865177
113854174.33145344,0.11578491495313027
114012277.39773425,0.11576261327560255
114170600.01309805,0.1157403167940868
114329142.48242061,0.11571802550660233
114487905.11100113,0.11569573941116955
114646888.20456272,0.11567345850580998
114806092.06925347,0.11565118278854623
114965517.01164533,0.1156289122574022
115125163.33873726,0.11560664691040266
115285031.35795406,0.11558438674557367
115445121.37714747,0.1155621317609423
115605433.70459671,0.11553988195453677
115765968.64900911,0.11551763732438647
115926726.51952067,0.11549539786852181
116087707.62569667,0.11547316358497439
116248912.2775327,0.11545093447177684
116410340.78545354,0.11542871052696309
116571993.46031633,0.11540649174856799
116733870.61340944,0.11538427813462757
116895972.55645351,0.11536206968317898
117058299.60160206,0.11533986639226051
117220852.06144208,0.11531766825991153
117383630.2489946,0.11529547528417254
117546634.47771579,0.1152732874630851
117709865.06149583,0.11525110479469206
117873322.314662,0.11522892727703718
118037006.55197771,0.11520675490816545
118200918.08864343,0.11518458768612293
118365057.24029735,0.11516242560895683
118529424.32301594,0.11514026867471543
118694019.6533146,0.11511811688144817
118858843.54814829,0.1150959702272056
119023896.32491249,0.1150738287100393
119189178.30144218,0.11505169232800214
119354689.79601495,0.11502956107914798
119520431.12734997,0.11500743496153179
119686402.61460899,0.11498531397320971
119852604.57739694,0.11496319811223897
120019037.33576259,0.11494108737667791
120185701.21019915,0.11491898176458598
120352596.52164486,0.11489688127402378
120519723.59148405,0.11487478590305293
120687082.74154612,0.11485269564973637
120854674.29410857,0.11483061051213796
121022498.57189606,0.11480853048832272
121190555.89808138,0.11478645557635683
121358846.5962861,0.11476438577430756
121527370.99058118,0.1147423210802433
121696129.40548761,0.11472026149223354
121865122.16597745,0.11469820700834885
122034349.59747271,0.11467615762666106
122203812.02584864,0.11465411334524298
122373509.77743256,0.11463207416216856
122543443.17900492,0.1146100400755129
122713612.5578,0.11458801108335218
122884018.24150643,0.11456598718376372
123054660.55826795,0.11454396837482594
123225539.83668393,0.11452195465461838
123396656.4058105,0.11449994602122165
123568010.59515944,0.11447794247271764
123739602.73470138,0.11445594400718916
123911433.15486473,0.11443395062272024
124083502.18653677,0.11441196231739598
124255810.16106427,0.11438997908930262
124428357.41025409,0.11436800093652752
124601144.26637387,0.11434602785715914
124774171.0621531,0.11432405984928701
124947438.130782,0.11430209691100193
125120945.80591473,0.11428013904039566
125294694.42166843,0.11425818623556112
125468684.31262414,0.11423623849459238
125642915.81382756,0.1142142958155846
125817389.26078962,0.11419235819663401
125992104.98948717,0.11417042563583804
126167063.3363636,0.11414849813129518
126342264.63832995,0.11412657568110501
126517709.23276378,0.11410465828336837
126693397.4575125,0.11408274593618706
126869329.6508922,0.11406083863766403
127045506.15168875,0.1140389363859034
127221927.29915853,0.11401703917901033
127398593.433029,0.11399514701509117
127575504.89349934,0.11397325989225332
127752662.02124123,0.11395137780860534
127930065.15739982,0.11392950076225684
128107714.64359263,0.1139076287513187
128285610.82191293,0.11388576177390276
128463754.03492859,0.11386389982812203
128642144.6256832,0.11384204291209063
128820782.9376967,0.11382019102392381
128999669.31496602,0.1137983441617379
129178804.10196586,0.11377650232365039
129358187.64364965,0.1137546655077798
129537820.28544854,0.11373283371224596
129717702.37327467,0.11371100693516961
129897834.2535201,0.11368918517467268
130078216.27305791,0.11366736842887824
130258848.77924286,0.11364555669591044
130439732.11991206,0.11362374997389456
130620866.64338563,0.11360194826095699
130802252.69846742,0.11358015155522524
130983890.63444607,0.11355835985482789
131165780.80109388,0.11353657315789478
131347923.54867023,0.11351479146255673
131530319.22792049,0.11349301476694569
131712968.19007702,0.11347124306919476
131895870.78685993,0.11344947636743813
132079027.37047778,0.11342771465981112
132262438.29362819,0.11340595794445019
132446103.90949903,0.1133842062194928
132630024.57176721,0.11336245948307776
132814200.6346022,0.11334071773334475
132998632.45266479,0.11331898096843472
133183320.3811083,0.11329724918648963
133368264.77557917,0.11327552238565265
133553465.9922178,0.11325380056406799
133738924.38765904,0.11323208371988103
133924640.31903306,0.11321037185123824
134110614.1439664,0.11318866495628714
134296846.2205808,0.11316696303317655
134483336.9074967,0.11314526608005626
134670086.5638321,0.11312357409507717
134857095.54920366,0.11310188707639136
135044364.22372746,0.11308020502215198
135231892.94801962,0.11305852793051331
135419682.08319703,0.11303685579963077
135607731.99087802,0.11301518862766084
135796043.0331836,0.11299352641276113
135984615.5727362,0.11297186915309046
136173449.97266325,0.11295021684680867
136362546.59659585,0.1129285694920767
136551905.80867022,0.11290692708705667
136741527.97352815,0.11288528962991178
136931413.45631772,0.11286365711880633
137121562.62269422,0.1128420295519058
137311975.83882058,0.1128204069273767
137502653.47136876,0.11279878924338667
137693595.8875184,0.11277717649810459
137884803.45496053,0.11275556868970033
138076276.5418962,0.11273396581634487
138268015.51703784,0.11271236787621036
138460020.74960986,0.11269077486747005
138652292.6093494,0.11266918678829829
138844831.46650702,0.11264760363687057
139037637.69184792,0.1126260254113634
139230711.6566507,0.11260445210995465
139424053.73271102,0.11258288373082305
139617664.2923403,0.11256132027214855
139811543.708367,0.1125397617321122
140005692.35413727,0.11251820810889618
140200110.60351577,0.11249665940068376
140394798.83088627,0.11247511560565937
140589757.411153,0.11245357672200845
140784986.71973914,0.11243204274791774
140980487.1325909,0.11241051368157494
141176259.0261759,0.11238898952116892
141372302.7774846,0.11236747026488965
141568618.76403093,0.11234595591092825
141765207.36385313,0.11232444645747688
141962068.9555143,0.11230294190272891
142159203.91810334,0.11228144224487877
142356612.63123596,0.11225994748212195
142554295.47505355,0.11223845761265525
142752252.83022696,0.11221697263467638
142950485.07795507,0.11219549254638428
143148992.59996617,0.11217401734597893
143347775.77851853,0.11215254703166148
143546834.9964014,0.11213108160163418
143746170.63693544,0.11210962105410041
143945783.08397374,0.11208816538726464
144145672.7219028,0.1120667145993324
144345839.93564147,0.11204526868851053
144546285.11064458,0.11202382765300678
144747008.63290176,0.11200239149103013
144948010.88893864,0.1119809602007906
145149292.26581752,0.11195953378049939
145350853.1511383,0.11193811222836879
145552693.93303907,0.11191669554261219
145754815.0001969,0.11189528372144411
145957216.7418291,0.11187387676308015
146159899.54769194,0.11185247466573715
146362863.80808446,0.11183107742763294
146566109.9138472,0.1118096850469865
146769638.2563634,0.11178829752201794
146973449.22755978,0.11176691485094843
147177543.21990737,0.11174553703200035
147381920.62642214,0.11172416406339712
147586581.84066638,0.11170279594336324
147791527.25674734,0.11168143267012454
147996757.26932105,0.11166007424190769
148202272.27359116,0.11163872065694064
148408072.66531,0.1116173719134524
148614158.84077954,0.11159602800967312
148820531.19685203,0.11157468894383404
149027190.13093084,0.11155335471416754
149234136.0409717,0.11153202531890705
149441369.32548138,0.11151070075628726
149648890.38352162,0.11148938102454385
149856699.6147078,0.11146806612191365
150064797.4192102,0.1114467560466346
150273184.19775477,0.11142545079694578
150481860.351624,0.11140415037108735
150690826.2826576,0.11138285476730062
150900082.39325324,0.11136156398382797
151109629.08636793,0.1113402780189129
151319466.7655167,0.11131899687080014
151529595.83477643,0.1112977205377354
151740016.69878468,0.11127644901796556
151950729.76274085,0.11125518230973859
152161735.43240702,0.1112339204113036
152373034.1141087,0.11121266332091082
152584626.21473578,0.11119141103681154
152796512.14174297,0.11117016355725826
153008692.30315152,0.11114892088050446
153221167.10754752,0.11112768300480494
153433936.96408615,0.11110644992841545
153647002.28249016,0.11108522164959289
153860363.47305134,0.11106399816659528
154074020.9466311,0.11104277947768176
154287975.1146615,0.11102156558111262
154502226.38914594,0.11100035647514918
154716775.18265983,0.11097915215805398
154931621.9083522,0.11095795262809054
155146766.97994405,0.1109367578835237
155362210.81173253,0.11091556792261922
155577953.81858963,0.11089438274364409
155793996.4159634,0.11087320234486635
156010339.0198788,0.11085202672455519
156226982.04693854,0.11083085588098089
156443925.91432378,0.11080968981241487
156661171.03979558,0.11078852851712964
156878717.8416935,0.1107673719933989
157096566.73893958,0.11074622023949739
157314718.1510372,0.11072507325370096
157533172.49807215,0.11070393103428662
157751930.2007136,0.11068279357953248
157970991.6802149,0.11066166088771773
158190357.3584144,0.11064053295712274
158410027.65773672,0.1106194097860289
158630003.00119147,0.11059829137271888
158850283.81237727,0.11057717771547632
159070870.5154805,0.11055606881258599
159291763.53527647,0.11053496466233384
159512963.2971305,0.11051386526300688
159734470.2269985,0.11049277061289328
159956284.75142786,0.11047168071028227
160178407.29755834,0.11045059555346425
160400838.29312342,0.11042951514073063
160623578.16644883,0.11040843947037417
160846627.34645677,0.11038736854068851
161069986.2626645,0.11036630234996847
161293655.3451858,0.11034524089651004
161517635.0247316,0.11032418417861029
161741925.7326111,0.11030313219456737
161966527.90073225,0.11028208494268063
162191441.9616029,0.11026104242125044
162416668.34833202,0.11024000462857832
162642207.4946283,0.11021897156296699
162868059.83480445,0.11019794322272017
163094225.80377564,0.11017691960614275
163320705.83706108,0.11015590071154072
163547500.37078464,0.11013488653722119
163774609.84167597,0.11011387708149237
164002034.687071,0.11009287234266361
164229775.34491313,0.11007187231904537
164457832.2537544,0.11005087700894918
164686205.85275412,0.11002988641068781
164914896.58168313,0.11000890052257503
165143904.8809225,0.10998791934292573
165373231.1914647,0.10996694287005598
165602875.95491463,0.10994597110228292
165832839.61349046,0.1099250040379248
166063122.61002442,0.109904041675301
166293725.38796425,0.10988308401273197
166524648.39137173,0.10986213104853945
166755892.06492698,0.10984118278104608
166987456.85392722,0.10982023920857573
167219343.2042878,0.10979930032945331
167451551.56254348,0.10977836614200495
167684082.37584895,0.10975743664455782
167916936.09197995,0.10973651183544023
168150113.15933397,0.10971559171298158
168383614.02693176,0.10969467627551235
168617439.1444158,0.10967376552136435
168851588.96205482,0.10965285944887022
169086063.93074214,0.10963195805636389
169320864.50199723,0.10961106134218035
169555991.1279666,0.10959016930465572
169791444.2614246,0.1095692819421272
170027224.3557743,0.10954839925293317
170263331.86504906,0.10952752123541301
170499767.24391082,0.10950664788790741
170736530.9476548,0.10948577920875802
170973623.4322078,0.10946491519630763
171211045.1541297,0.10944405584890018
171448796.5706145,0.10942320116488069
171686878.139491,0.1094023511425953
171925290.31922373,0.10938150578039132
172164033.56891394,0.10936066507661713
172403108.348301,0.10933982902962214
172642515.1177608,0.10931899763775708
172882254.33831048,0.10929817089937366
173122326.47160664,0.10927734881282469
173362731.97994706,0.10925653137646416
173603471.32627136,0.10923571858864713
173844544.97416213,0.1092149104477298
174085953.3878457,0.10919410695206946
174327697.03219298,0.10917330810002457
174569776.37272108,0.10915251388995459
174812191.87559175,0.10913172432022028
175054944.0076158,0.10911093938918337
175298033.2362518,0.10909015909520675
175541460.02960733,0.10906938343665441
175785224.85644007,0.10904861241189147
176029328.1861586,0.10902784601928416
176273770.48882344,0.10900708425719982
176518552.2351477,0.10898632712400695
176763673.89649895,0.10896557461807503
177009135.94489726,0.10894482673777489
177254938.85302016,0.10892408348147829
177501083.09420097,0.10890334484755813
177747569.14243016,0.10888261083438848
177994397.47235653,0.10886188144034448
178241568.55928794,0.1088411566638024
178489082.87919232,0.10882043650313965
178736940.90869915,0.10879972095673465
178985143.12509793,0.10877901002296714
179233690.00634274,0.1087583037002178
179482582.03105086,0.10873760198686849
179731819.67850414,0.10871690488130217
179981403.42864996,0.10869621238190291
180231333.76210225,0.10867552448705592
180481611.16014224,0.10865484119514751
180732236.1047202,0.10863416250456503
180983209.07845378,0.10861348841369718
181234530.5646326,0.10859281892093353
181486201.0472169,0.10857215402466486
181738221.01083884,0.10855149372328304
181990590.94080365,0.10853083801518112
182243311.3230905,0.10851018689875319
182496382.64435333,0.1084895403723945
182749805.39192188,0.10846889843450139
183003580.05380335,0.10844826108347129
183257707.11868057,0.10842762831770286
183512187.07591698,0.10840700013559579
183767020.41555488,0.10838637653555086
184022207.6283171,0.10836575751597
184277749.2056079,0.10834514307525626
184533645.6395139,0.10832453321181382
184789897.42280513,0.10830392792404793
185046505.0489358,0.108283327210365
185303469.01204607,0.10826273106917247
185560789.8069603,0.10824213949887909
185818467.929192,0.1082215524978945
186076503.87494206,0.10820097006462961
186334898.14110044,0.10818039219749637
186593651.22524706,0.10815981889490783
186852763.62565285,0.10813925015527824
187112235.84128067,0.10811868597702289
187372068.37178624,0.10809812635855823
187632261.7175198,0.10807757129830173
187892816.37952438,0.10805702079467215
188153732.85954082,0.10803647484608925
188415011.660006,0.1080159334509739
188676653.2840545,0.10799539660774814
188938658.23551956,0.10797486431483505
189201027.01893416,0.1079543365706589
189463760.13953182,0.10793381337364504
189726858.1032483,0.10791329472221987
189990321.41672,0.10789278061481111
190254150.5872888,0.1078722710498474
190518346.1230004,0.10785176602575855
190782908.5326061,0.1078312655409755
191047838.32556355,0.1078107695939303
191313136.012038,0.1077902781830561
191578802.102903,0.10776979130678721
191844837.1097423,0.10774930896355894
192111241.54484797,0.10772883115180792
192378015.92122552,0.10770835786997174
192645160.75259215,0.10768788911648912
192912676.5533785,0.10766742488979991
193180563.83872944,0.10764696518834511
193448823.1245053,0.10762651001056679
193717454.92728278,0.10760605935490818
193986459.7643558,0.10758561321981355
194255838.15373746,0.10756517160372833
194525590.61415794,0.10754473450509916
194795717.66507003,0.10752430192237364
195066219.82664698,0.10750387385400058
195337097.6197845,0.10748345029842984
195608351.5661016,0.10746303125411247
195879982.18794164,0.10744261671950057
196151990.0083733,0.1074222066930474
196424375.55119163,0.10740180117320731
196697139.34091976,0.10738140015843575
196970281.90280712,0.10736100364718937
197243803.76283458,0.10734061163792585
197517705.44771272,0.10732022412910401
197791987.48488355,0.10729984111918378
198066650.4025215,0.10727946260662624
198341694.7295344,0.10725908858989351
198617120.99556467,0.1072387190674489
198892929.7309901,0.10721835403775684
199169121.46692574,0.10719799349928273
199445696.73522204,0.10717763745049334
199722656.06847015,0.10715728588985637
200000000.0,0.10713693881584066
